PatientID,FirstName,LastName
P1000,Mario,Bianchi
P1001,Elena,Costa
P1002,Marco,Costa
P1003,Paolo,Russo
P1004,Paolo,Rossi
P1005,Davide,Conti
P1006,Mario,Ferrari
P1007,Marco,Greco
P1008,Anna,Romano
P1009,Mario,Costa
P1010,Lucia,Costa
P1011,Chiara,Bianchi
P1012,Elena,Russo
P1013,Elena,Ferrari
P1014,Elena,Ferrari
P1015,Elena,Rossi
P1016,Lucia,Esposito
P1017,Luigi,Bianchi
P1018,Davide,Costa
P1019,Paolo,Romano
